timestamp,to,subject,body,reason
2026-04-25T17:09:37.680278,procurement@autopartscorp.com,RE: Purchase Order ORD-101 & ORD-102 - Quantity Clarification Required,"Dear AutoParts Corp Procurement Team, thank you for your email confirming Q2 purchase orders. We have received your confirmation for ORD-101 (300 units SKU-A) and ORD-102 (200 units SKU-B), however our records show different quantities: ORD-101 reflects 500 units of SKU-A and ORD-102 reflects 100 units of SKU-B in our system. Could you please confirm the correct quantities for each order? This will ensure we align our production schedule accurately to meet your May 5th deadline. Best regards, YamaTech Supply Chain Team",Critical quantity discrepancy between customer confirmation and system records must be resolved before any production or inventory adjustments can be made
2026-04-25T17:12:39.529824,orders@nexgenrobotics.io,Re: New Order - SKU-C and SKU-D for Pilot Deployment - Order Confirmation & Timeline Update,"Dear NexGen Robotics team, thank you for choosing YamaTech for your pilot deployment. We have created order ORD-106 for 150 units of SKU-C and 100 units of SKU-D with a target delivery of May 10th. Due to unprecedented demand across our production lines, we are currently expediting procurement of key raw materials. We are prioritizing your order given its strategic importance and your investor presentation timeline. We will provide a confirmed delivery schedule within 48 hours once our supply chain team finalizes expedited material arrivals. We are committed to supporting your pilot deployment successfully.",Customer requested feasibility confirmation; raw material shortages create delivery risk that must be communicated while demonstrating commitment to fulfilment
2026-04-25T17:28:28.884926,procurement@yamatech.com,"URGENT: Emergency PO Required - RAW-001, RAW-003, RAW-004","Production has flagged critical stock shortages requiring immediate procurement action:

1. RAW-001 (Microcontroller V2): Current stock ~120 units, need 1350+ units urgently. WO-001 will deplete stock by tomorrow. Blocks WO-003 and WO-002.

2. RAW-003 (Copper Winding Coil): Current stock ~280 units, need 870+ units. WO-002 already halted.

3. RAW-004: Current stock 150 units (below 400 reorder point), need 850+ units for SKU-A production.

Please provide: supplier contacts, unit pricing, lead times, and minimum order quantities for emergency orders. Budget available: $47,550. Deadline to confirm POs: end of this week to meet May 5th and May 10th customer delivery dates.","Cannot place purchase orders without supplier pricing, lead times, and contact information. System shows $0 unit costs indicating missing supplier data."
2026-04-25T17:38:54.766259,cleartechglass@supply.com,Urgent Order Request - Tempered Glass Panel (RAW-004) for YamaTech Manufacturing,"Dear ClearTech Glass Supply, We are YamaTech, a manufacturing company referred to us by Prime Materials. We urgently need to source Tempered Glass Panel (RAW-004) as our primary supplier is experiencing an extended outage. We require approximately 1,000 units for immediate production needs, with potential for ongoing orders. Could you please provide: 1) Unit pricing for 1,000+ units, 2) Confirmation of 10-12 day lead time, 3) Earliest possible delivery date for this quantity, 4) Any bulk discount tiers available. Time is critical as we have customer orders pending. Please respond at your earliest convenience. Thank you, YamaTech Supply Chain",Need to obtain pricing and confirm lead time from alternative supplier before committing budget. Cannot create PO without confirmed pricing. Urgency requires immediate outreach to minimize fulfilment delay.
2026-04-25T17:47:03.320529,sales@fastcompmetals.com,RE: RFQ RAW-003 - Confirming 600-unit Allocation,"Dear FastCompMetals, we confirm the 600-unit allocation of RAW-003 at $8.75/unit. Please process this order for delivery by April 30th. We will assess our additional requirements and may place a follow-up order for the remaining quantity. Please confirm receipt of this order and expected delivery date.",Need to formally confirm the 600-unit PO to secure allocation and get delivery commitment
2026-04-25T19:22:48.547652,darrentph045@gmail.com,Re: order,"Thank you for your interest in SKU-A. To process your order for company 'abcd', could you please specify the quantity you would like to purchase?","Quantity is missing from the initial request, preventing accurate production and inventory planning."
2026-04-25T19:46:47.068327,darrentph045@gmail.com,Re: order,"Thank you for your interest in SKU-A. To process your order for company 'abcd', could you please specify the quantity you would like to purchase?","Quantity is missing from the initial request, which is required to calculate BOM requirements and check inventory feasibility."
